acc,sensitivity,specificity,precision,auc_roc,auc_pr,F1
0.9261363636363636,0.6184516965628938,0.9535142716802083,0.6675123643854624,0.9471202852058276,0.7361844507738619,0.6375645831583139
